participant_id,sex,all_files,ecg_files,signal_edf_files,ecg_edf_files,eeg_files,eeg_edf_files,event_annotation_files,emg_files,emg_edf_files,mov_files,mov_edf_files,scans_metadata_files,has_eeg_recording,has_ecg_recording,has_emg_recording,has_mov_recording
sub-001,f,81,18,36,9,27,9,9,18,9,18,9,0,True,True,True,True
sub-002,m,108,24,48,12,36,12,12,24,12,24,12,0,True,True,True,True
sub-003,m,90,20,40,10,30,10,10,20,10,20,10,0,True,True,True,True
sub-004,m,9,2,4,1,3,1,1,2,1,2,1,0,True,True,True,True
sub-005,f,234,52,104,26,78,26,26,52,26,52,26,0,True,True,True,True
sub-006,m,90,20,40,10,30,10,10,20,10,20,10,0,True,True,True,True
sub-007,f,45,10,20,5,15,5,5,10,5,10,5,0,True,True,True,True
sub-008,m,99,22,44,11,33,11,11,22,11,22,11,0,True,True,True,True
sub-009,m,90,20,40,10,30,10,10,20,10,20,10,0,True,True,True,True
sub-010,m,99,22,44,11,33,11,11,22,11,22,11,0,True,True,True,True
sub-011,f,99,22,44,11,33,11,11,22,11,22,11,0,True,True,True,True
sub-012,f,90,20,40,10,30,10,10,20,10,20,10,0,True,True,True,True
sub-013,m,9,2,4,1,3,1,1,2,1,2,1,0,True,True,True,True
sub-014,m,54,12,24,6,18,6,6,12,6,12,6,0,True,True,True,True
sub-015,f,81,18,36,9,27,9,9,18,9,18,9,0,True,True,True,True
sub-016,m,23,4,10,2,9,3,3,4,2,6,3,0,True,True,True,True
sub-017,m,90,20,40,10,30,10,10,20,10,20,10,0,True,True,True,True
sub-018,f,90,20,40,10,30,10,10,20,10,20,10,0,True,True,True,True
sub-019,f,81,18,36,9,27,9,9,18,9,18,9,0,True,True,True,True
sub-020,f,81,18,36,9,27,9,9,18,9,18,9,0,True,True,True,True
sub-021,f,81,18,36,9,27,9,9,18,9,18,9,0,True,True,True,True
sub-022,f,99,22,44,11,33,11,11,22,11,22,11,0,True,True,True,True
sub-023,m,81,18,36,9,27,9,9,18,9,18,9,0,True,True,True,True
sub-024,m,81,18,36,9,27,9,9,18,9,18,9,0,True,True,True,True
sub-025,f,108,24,48,12,36,12,12,24,12,24,12,0,True,True,True,True
sub-026,m,81,18,36,9,27,9,9,18,9,18,9,0,True,True,True,True
sub-027,f,81,18,36,9,27,9,9,18,9,18,9,0,True,True,True,True
sub-028,f,72,16,32,8,24,8,8,16,8,16,8,0,True,True,True,True
sub-029,f,90,20,40,10,30,10,10,20,10,20,10,0,True,True,True,True
sub-030,f,81,18,36,9,27,9,9,18,9,18,9,0,True,True,True,True
sub-031,m,90,20,40,10,30,10,10,20,10,20,10,0,True,True,True,True
sub-032,f,99,22,44,11,33,11,11,22,11,22,11,0,True,True,True,True
sub-033,f,117,26,52,13,39,13,13,26,13,26,13,0,True,True,True,True
sub-034,m,126,28,56,14,42,14,14,28,14,28,14,0,True,True,True,True
sub-035,f,126,28,56,14,42,14,14,28,14,28,14,0,True,True,True,True
sub-036,m,9,2,4,1,3,1,1,2,1,2,1,0,True,True,True,True
sub-037,f,9,2,4,1,3,1,1,2,1,2,1,0,True,True,True,True
sub-038,m,63,14,28,7,21,7,7,14,7,14,7,0,True,True,True,True
sub-039,m,81,18,36,9,27,9,9,18,9,18,9,0,True,True,True,True
sub-040,m,45,10,20,5,15,5,5,10,5,10,5,0,True,True,True,True
sub-041,f,9,2,4,1,3,1,1,2,1,2,1,0,True,True,True,True
sub-042,f,74,12,32,6,30,10,10,12,6,20,10,0,True,True,True,True
sub-043,f,99,22,44,11,33,11,11,22,11,22,11,0,True,True,True,True
sub-044,f,81,18,36,9,27,9,9,18,9,18,9,0,True,True,True,True
sub-045,f,90,20,40,10,30,10,10,20,10,20,10,0,True,True,True,True
sub-046,m,81,18,36,9,27,9,9,18,9,18,9,0,True,True,True,True
sub-047,m,63,14,28,7,21,7,7,14,7,14,7,0,True,True,True,True
sub-048,m,48,12,20,6,24,8,8,12,6,0,0,0,True,True,True,False
sub-049,m,43,4,18,2,21,7,7,4,2,14,7,0,True,True,True,True
sub-050,f,54,12,24,6,18,6,6,12,6,12,6,0,True,True,True,True
sub-051,f,27,6,12,3,9,3,3,6,3,6,3,0,True,True,True,True
sub-052,f,72,16,32,8,24,8,8,16,8,16,8,0,True,True,True,True
sub-053,m,27,6,12,3,9,3,3,6,3,6,3,0,True,True,True,True
sub-054,f,55,10,24,5,21,7,7,10,5,14,7,0,True,True,True,True
sub-055,m,27,6,12,3,9,3,3,6,3,6,3,0,True,True,True,True
sub-056,f,45,10,20,5,15,5,5,10,5,10,5,0,True,True,True,True
sub-057,f,54,12,24,6,18,6,6,12,6,12,6,0,True,True,True,True
sub-058,f,14,2,6,1,6,2,2,2,1,4,2,0,True,True,True,True
sub-059,f,36,8,16,4,12,4,4,8,4,8,4,0,True,True,True,True
sub-060,f,36,8,16,4,12,4,4,8,4,8,4,0,True,True,True,True
sub-061,f,64,12,28,6,24,8,8,12,6,16,8,0,True,True,True,True
sub-062,f,54,12,24,6,18,6,6,12,6,12,6,0,True,True,True,True
sub-063,m,54,12,24,6,18,6,6,12,6,12,6,0,True,True,True,True
sub-064,f,27,6,12,3,9,3,3,6,3,6,3,0,True,True,True,True
sub-065,f,114,22,50,11,42,14,14,22,11,28,14,0,True,True,True,True
sub-066,m,171,38,76,19,57,19,19,38,19,38,19,0,True,True,True,True
sub-067,f,45,10,20,5,15,5,5,10,5,10,5,0,True,True,True,True
sub-068,m,108,24,48,12,36,12,12,24,12,24,12,0,True,True,True,True
sub-069,m,333,74,148,37,111,37,37,74,37,74,37,0,True,True,True,True
sub-070,m,243,54,108,27,81,27,27,54,27,54,27,0,True,True,True,True
sub-071,m,351,78,156,39,117,39,39,78,39,78,39,0,True,True,True,True
sub-072,f,252,56,112,28,84,28,28,56,28,56,28,0,True,True,True,True
sub-073,m,554,122,246,61,186,62,62,122,61,124,62,0,True,True,True,True
sub-074,m,288,64,128,32,96,32,32,64,32,64,32,0,True,True,True,True
sub-075,f,437,96,194,48,147,49,49,96,48,98,49,0,True,True,True,True
sub-076,f,194,42,86,21,66,22,22,42,21,44,22,0,True,True,True,True
sub-077,m,117,26,52,13,39,13,13,26,13,26,13,0,True,True,True,True
sub-078,f,691,154,307,77,231,77,77,154,77,152,76,0,True,True,True,True
sub-079,f,180,40,80,20,60,20,20,40,20,40,20,0,True,True,True,True
sub-080,f,275,60,122,30,93,31,31,60,30,62,31,0,True,True,True,True
sub-081,m,707,202,303,101,303,101,101,202,101,0,0,0,True,True,True,False
sub-082,m,161,46,69,23,69,23,23,46,23,0,0,0,True,True,True,False
sub-083,m,594,132,264,66,198,66,66,132,66,132,66,0,True,True,True,True
sub-084,f,549,122,244,61,183,61,61,122,61,122,61,0,True,True,True,True
sub-085,m,510,116,226,58,174,58,58,116,58,104,52,0,True,True,True,True
sub-086,m,818,184,363,92,276,92,92,184,92,174,87,0,True,True,True,True
sub-087,f,175,50,75,25,75,25,25,50,25,0,0,0,True,True,True,False
sub-088,m,585,130,260,65,195,65,65,130,65,130,65,0,True,True,True,True
sub-089,m,1008,224,448,112,336,112,112,224,112,224,112,0,True,True,True,True
sub-090,m,28,8,12,4,12,4,4,8,4,0,0,0,True,True,True,False
sub-091,f,35,10,15,5,15,5,5,10,5,0,0,0,True,True,True,False
sub-092,m,1078,240,479,120,360,120,120,240,120,238,119,0,True,True,True,True
sub-093,f,883,198,392,99,297,99,99,198,99,190,95,0,True,True,True,True
sub-094,f,441,98,196,49,147,49,49,98,49,98,49,0,True,True,True,True
sub-095,m,981,218,436,109,327,109,109,218,109,218,109,0,True,True,True,True
sub-096,f,783,174,348,87,261,87,87,174,87,174,87,0,True,True,True,True
sub-097,m,55,0,22,0,33,11,11,0,0,22,11,0,True,False,False,True
sub-098,f,81,18,36,9,27,9,9,18,9,18,9,0,True,True,True,True
sub-099,m,77,16,34,8,27,9,9,16,8,18,9,0,True,True,True,True
sub-100,m,117,26,52,13,39,13,13,26,13,26,13,0,True,True,True,True
sub-101,m,81,18,36,9,27,9,9,18,9,18,9,0,True,True,True,True
sub-102,f,90,20,40,10,30,10,10,20,10,20,10,0,True,True,True,True
sub-103,m,63,14,28,7,21,7,7,14,7,14,7,0,True,True,True,True
sub-104,m,90,20,40,10,30,10,10,20,10,20,10,0,True,True,True,True
sub-105,m,77,16,34,8,27,9,9,16,8,18,9,0,True,True,True,True
sub-106,m,90,20,40,10,30,10,10,20,10,20,10,0,True,True,True,True
sub-107,m,90,20,40,10,30,10,10,20,10,20,10,0,True,True,True,True
sub-108,f,9,2,4,1,3,1,1,2,1,2,1,0,True,True,True,True
sub-109,f,81,18,36,9,27,9,9,18,9,18,9,0,True,True,True,True
sub-110,f,72,16,32,8,24,8,8,16,8,16,8,0,True,True,True,True
sub-111,f,54,12,24,6,18,6,6,12,6,12,6,0,True,True,True,True
sub-112,f,54,12,24,6,18,6,6,12,6,12,6,0,True,True,True,True
sub-113,f,72,16,32,8,24,8,8,16,8,16,8,0,True,True,True,True
sub-114,m,116,18,50,9,48,16,16,18,9,32,16,0,True,True,True,True
sub-115,m,617,136,274,68,207,69,69,136,68,138,69,0,True,True,True,True
sub-116,f,243,54,108,27,81,27,27,54,27,54,27,0,True,True,True,True
sub-117,m,147,32,65,16,51,17,17,32,16,32,16,0,True,True,True,True
sub-118,m,234,52,104,26,78,26,26,52,26,52,26,0,True,True,True,True
sub-119,f,360,80,160,40,120,40,40,80,40,80,40,0,True,True,True,True
sub-120,f,21,6,9,3,9,3,3,6,3,0,0,0,True,True,True,False
sub-121,m,777,222,333,111,333,111,111,222,111,0,0,0,True,True,True,False
sub-122,m,630,140,280,70,210,70,70,140,70,140,70,0,True,True,True,True
sub-123,m,763,170,339,85,255,85,85,170,85,168,84,0,True,True,True,True
sub-124,m,756,168,336,84,252,84,84,168,84,168,84,0,True,True,True,True
sub-125,m,765,170,340,85,255,85,85,170,85,170,85,0,True,True,True,True
